{
    "keep": {
        "days": true,
        "amount": 7
    },
    "auditLog": "logs\\.d7b15af96769e4387897835c5d9fadc0e98dd3e2-audit.json",
    "files": [
        {
            "date": 1695474029535,
            "name": "logs\\2023-09-23.log",
            "hash": "1952af96899c55b1092f5385cb6fd3d15afbdaee55ce3df675673f86b7995981"
        },
        {
            "date": 1695526142730,
            "name": "logs\\2023-09-24.log",
            "hash": "937413175fe976f1862b2fc7ed70666dced36988d2855032c072a275af3824f3"
        },
        {
            "date": 1695606663788,
            "name": "logs\\2023-09-25.log",
            "hash": "a6fa52f337bdf4d3737e95d3d18527bb81c1d7060cb2cf667cbbfadf8bd3cd5c"
        },
        {
            "date": 1695699043679,
            "name": "logs\\2023-09-26.log",
            "hash": "d19fda63dec23396b139f8f8e38b48a0d3baa75772304fc23360fb12baca25f2"
        },
        {
            "date": 1695916078836,
            "name": "logs\\2023-09-28.log",
            "hash": "05373ecb7410d48b66cfc833ff0464aa3990fcc406008d88d9aaa89184f1eafc"
        }
    ],
    "hashType": "sha256"
}